"lat","lon","n2o","clay","silt","sand","bd","soc","noc","ph","croptype","Pwin_before","Pspr_before","Psum_before","Paut_before","Pwin","Pspr","Psum","Paut","Twin_before","Tspr_before","Tsum_before","Taut_before","Twin","Tspr","Tsum","Taut","ferttype","fertN","NO3","NH4"
60.490002,23.299999,1.92353840616713,10,7,83,1.1,2.6,0.16,6,2,214.899994,164.199997,105.699997,165.199997,165.800003,148.199997,289.899994,220.899994,-2.23,2.806667,17.496668,8.21,-2.693333,4.183333,15.476667,8.13,26,100,50,50
60.490002,23.299999,2.09761769634030,10,7,83,1.1,2.6,0.16,6,2,165.800003,148.199997,289.899994,220.899994,197.199997,171.699997,153.800003,293.200012,-2.693333,4.183333,15.476667,8.13,-3.48,2.48,17.303333,7.306667,26,100,50,50
60.490002,23.299999,1.92353840616713,57,29,14,1.2,2.7,0.22,6.5,2,214.899994,164.199997,105.699997,165.199997,165.800003,148.199997,289.899994,220.899994,-2.23,2.806667,17.496668,8.21,-2.693333,4.183333,15.476667,8.13,26,100,50,50
60.490002,23.299999,2.73861278752583,57,29,14,1.2,2.7,0.22,6.5,2,165.800003,148.199997,289.899994,220.899994,197.199997,171.699997,153.800003,293.200012,-2.693333,4.183333,15.476667,8.13,-3.48,2.48,17.303333,7.306667,26,100,50,50
55.799999,-3.22,1.16704755687161,22,38,40,1.2,0.9,9999,9999,2,225.699997,206.5,125.599998,221.100006,210.300003,167.399994,86.800003,234.600006,2.616667,6.346667,15.093333,8.55,1.44,6.403333,17.123333,9.866667,9999,110,36.666668,36.666668
55.799999,-3.22,1.21778487426967,22,38,40,1.1,0.9,9999,9999,2,225.699997,206.5,125.599998,221.100006,210.300003,167.399994,86.800003,234.600006,2.616667,6.346667,15.093333,8.55,1.44,6.403333,17.123333,9.866667,9999,110,36.666668,36.666668
55.799999,-3.22,1.47918896696805,22,38,40,1.4,0.9,9999,9999,2,225.699997,206.5,125.599998,221.100006,210.300003,167.399994,86.800003,234.600006,2.616667,6.346667,15.093333,8.55,1.44,6.403333,17.123333,9.866667,9999,110,36.666668,36.666668
55.799999,-3.22,1.55788317918899,22,38,40,1.1,0.9,9999,9999,2,225.699997,206.5,125.599998,221.100006,210.300003,167.399994,86.800003,234.600006,2.616667,6.346667,15.093333,8.55,1.44,6.403333,17.123333,9.866667,9999,110,36.666668,36.666668
48.57,2.25,0.0894427190999916,10,49.5,40.5,1.25,1.7,0.151786,8.1,0,299.299988,146.800003,111,231.699997,317,276.200012,146.300003,213.600006,4.936667,11.023333,19.17,9.293333,5.973333,10.423333,20.93,12.423333,99,0,0,0
48.57,2.25,0.391152144312159,10,50,40,1.25,1.7,0.151786,8.1,3,299.299988,146.800003,111,231.699997,317,276.200012,146.300003,213.600006,4.936667,11.023333,19.17,9.293333,5.973333,10.423333,20.93,12.423333,222,153,38.25,38.25
48.57,2.25,0.561248608016091,10,50,40,1.25,1.7,0.151786,8.1,3,299.299988,146.800003,111,231.699997,317,276.200012,146.300003,213.600006,4.936667,11.023333,19.17,9.293333,5.973333,10.423333,20.93,12.423333,222,232,58,58
48.57,2.25,0.0894427190999916,10,50,40,1.25,1.7,0.151786,8.1,3,299.299988,146.800003,111,231.699997,317,276.200012,146.300003,213.600006,4.936667,11.023333,19.17,9.293333,5.973333,10.423333,20.93,12.423333,99,0,0,0
51.810001,0.356,1.19163752878130,22,26,52,9999,9999,9999,7,2,154.600006,85,131.199997,105.800003,113.199997,116.400002,121.800003,147.600006,2.88,10.72,18.216667,11.08,3.52,9.603333,17.453333,11.06,8,150,75,75
47.25,4.9,1.65045448286222,20,69,11,1.4,0.86,0.09,6,2,433.5,292.5,125.199997,294,285.700012,301.399994,147.699997,232.399994,4.413333,10.13,21.873333,11.98,1.94,9.173333,20.629999,11.6,26,170,85,85
47.25,4.9,1.67809415707224,20,69,11,1.4,0.86,0.09,6,2,433.5,292.5,125.199997,294,285.700012,301.399994,147.699997,232.399994,4.413333,10.13,21.873333,11.98,1.94,9.173333,20.629999,11.6,26,170,85,85
55.799999,-3.22,0.836660026534076,20,29,51,9999,3.294118,9999,5.6,2,210.300003,167.399994,86.800003,234.600006,217.899994,219.899994,183.699997,224.300003,1.44,6.403333,17.123333,9.866667,1.703333,5.73,14.886667,8.276667,26,200,100,100
55.799999,-3.22,0.948683298050514,20,29,51,9999,3.294118,9999,5.6,2,217.899994,219.899994,183.699997,224.300003,275.100006,250.199997,218.399994,169.899994,1.703333,5.73,14.886667,8.276667,4.273333,7.783333,15.82,9.176667,26,200,100,100
55.799999,-3.22,2,17,23,60,9999,3.176471,9999,7,1,210.300003,167.399994,86.800003,234.600006,217.899994,219.899994,183.699997,224.300003,1.44,6.403333,17.123333,9.866667,1.703333,5.73,14.886667,8.276667,26,180,90,90
55.799999,-3.22,1.73205080756888,17,23,60,9999,3.176471,9999,7,1,217.899994,219.899994,183.699997,224.300003,275.100006,250.199997,218.399994,169.899994,1.703333,5.73,14.886667,8.276667,4.273333,7.783333,15.82,9.176667,26,170,85,85
48.299999,11.2,2.82842712474619,19,59,22,1.3,1.6,0.17,6,1,168.899994,375.100006,429.399994,240.899994,159.600006,252.5,403.100006,288.200012,-2.17,6.97,17.836666,8.803333,-0.76,7.12,17.370001,7.903333,222,50,12.5,12.5
48.299999,11.2,4.00374836871650,19,59,22,1.3,1.6,0.17,6,1,168.899994,375.100006,429.399994,240.899994,159.600006,252.5,403.100006,288.200012,-2.17,6.97,17.836666,8.803333,-0.76,7.12,17.370001,7.903333,222,150,37.5,37.5
55.43,11.56,0.579655069847578,10,20,70,1.39,2.36,0.23,7.9,2,231.5,156.399994,133.100006,176.300003,207.399994,211.5,167.199997,263.600006,3.376667,6.336667,18.809999,9.89,1.583333,7.116667,15.973333,8.893333,44,105,26.25,26.25
55.43,11.56,0.587367006223537,10,20,70,1.39,2.36,0.23,7.9,2,231.5,156.399994,133.100006,176.300003,207.399994,211.5,167.199997,263.600006,3.376667,6.336667,18.809999,9.89,1.583333,7.116667,15.973333,8.893333,44,186,46.5,46.5
51.099998,3.8,1.70293863659264,10,20,70,9999,9999,9999,9999,1,324.200012,152.399994,137.699997,189.399994,385.700012,286.200012,108.199997,240.600006,3.776667,10.66,17.063334,8.53,5.02,9.183333,19.466667,11.74,9999,75,37,37
54.088699,12.14,1.4226735395023,7,23,70,1.5,0.9,0.08,6.5,2,123,194.5,88.400002,112.5,139.100006,189.199997,128.300003,207.100006,-4.376667,6.686667,18.873333,9.923333,-1.3,6.003333,17.200001,8.773333,8,125,62.5,62.5
54.088699,12.14,1.21037184369102,7,23,70,1.5,0.9,0.08,6.5,2,123,194.5,88.400002,112.5,139.100006,189.199997,128.300003,207.100006,-4.376667,6.686667,18.873333,9.923333,-1.3,6.003333,17.200001,8.773333,8,45,22.5,22.5
54.088699,12.14,1.72162713733259,7,23,70,1.5,0.9,0.08,6.5,2,123,194.5,88.400002,112.5,139.100006,189.199997,128.300003,207.100006,-4.376667,6.686667,18.873333,9.923333,-1.3,6.003333,17.200001,8.773333,8,160,40,40
54.088699,12.14,1.51953940389843,7,23,70,1.5,0.9,0.08,6.5,2,123,194.5,88.400002,112.5,139.100006,189.199997,128.300003,207.100006,-4.376667,6.686667,18.873333,9.923333,-1.3,6.003333,17.200001,8.773333,8,80,40,40
54.088699,12.14,0.940212741883453,7,23,70,1.5,0.9,0.08,6.5,0,123,194.5,88.400002,112.5,139.100006,189.199997,128.300003,207.100006,-4.376667,6.686667,18.873333,9.923333,-1.3,6.003333,17.200001,8.773333,8,0,13,13
48.139999,11.57,1.64195006014190,22,55,23,1.3,1.43,0.13,6.1,2,366.600006,450.600006,378.200012,237.800003,184.5,467.600006,561.700012,297.700012,0.73,8.036667,18.540001,9.956667,-1.88,6.213333,16.813334,8.453333,222,90,22.5,22.5
48.139999,11.57,1.90709202714499,22,55,23,1.3,1.43,0.13,6.1,2,366.600006,450.600006,378.200012,237.800003,184.5,467.600006,561.700012,297.700012,0.73,8.036667,18.540001,9.956667,-1.88,6.213333,16.813334,8.453333,222,180,45,45
48.139999,11.57,1.15801554393713,22,55,23,1.3,1.43,0.13,6.1,1,366.600006,450.600006,378.200012,237.800003,184.5,467.600006,561.700012,297.700012,0.73,8.036667,18.540001,9.956667,-1.88,6.213333,16.813334,8.453333,8,65,32.5,32.5
48.139999,11.57,1.5511286213593,22,55,23,1.3,1.43,0.13,6.1,1,366.600006,450.600006,378.200012,237.800003,184.5,467.600006,561.700012,297.700012,0.73,8.036667,18.540001,9.956667,-1.88,6.213333,16.813334,8.453333,8,130,65,65
48.139999,11.57,2.38746727726266,22,55,23,1.3,1.43,0.13,6.1,1,366.600006,450.600006,378.200012,237.800003,184.5,467.600006,561.700012,297.700012,0.73,8.036667,18.540001,9.956667,-1.88,6.213333,16.813334,8.453333,222,50,12.5,12.5
48.139999,11.57,2.62678510731274,22,55,23,1.3,1.43,0.13,6.1,1,366.600006,450.600006,378.200012,237.800003,184.5,467.600006,561.700012,297.700012,0.73,8.036667,18.540001,9.956667,-1.88,6.213333,16.813334,8.453333,222,150,37.5,37.5
51.450001,1.25,1.09544511501033,65,20,15,0.8,3.7,9999,6.7,2,204.300003,97,64,264,226.399994,175.800003,24.799999,140.5,6.08,8.103333,15.65,13.25,6.153333,7.69,15.58,12.766667,26,70,35,35
51.450001,1.25,1.18321595661992,65,20,15,0.8,3.7,9999,6.7,2,204.300003,97,64,264,226.399994,175.800003,24.799999,140.5,6.08,8.103333,15.65,13.25,6.153333,7.69,15.58,12.766667,26,70,35,35
44.5,11.02,1.76153342290176,45,45,10,1.33,1.2,0.165,7.6,1,131.600006,176.5,45.400002,186.300003,136.800003,101.900002,67.800003,100.5,3.373333,10.766667,24.603333,11.616667,3.736667,11.903333,25.34,13.92,18,225,0,0
44.5,11.02,2.11825399798985,45,45,10,1.33,1.2,0.165,7.6,1,131.600006,176.5,45.400002,186.300003,136.800003,101.900002,67.800003,100.5,3.373333,10.766667,24.603333,11.616667,3.736667,11.903333,25.34,13.92,44,450,0,0
44.5,11.02,1.77510563065976,45,45,10,1.33,1.2,0.165,7.6,1,131.600006,176.5,45.400002,186.300003,136.800003,101.900002,67.800003,100.5,3.373333,10.766667,24.603333,11.616667,3.736667,11.903333,25.34,13.92,10,225,0,0
44.5,11.02,1.26055543313255,45,45,10,1.33,1.2,0.165,7.6,1,131.600006,176.5,45.400002,186.300003,136.800003,101.900002,67.800003,100.5,3.373333,10.766667,24.603333,11.616667,3.736667,11.903333,25.34,13.92,99,0,0,0
52.23,-0.025,1.13837647551239,45,29,26,1.27,2.9,0.29,7.7,2,201.399994,285.700012,217.5,240,206.600006,198.800003,231.399994,164.600006,4.326667,9.573333,15.936667,9.9,4.39,9.743333,17.4,11.336667,26,190,95,95
52.259998,0.57,1.05788704501000,14,66,20,1.56,1.176471,0.1,7.7,2,185.600006,282.899994,247.5,222.5,194.199997,212,200.800003,158.199997,4.256667,9.316667,15.79,9.806667,4.39,9.653333,17.313334,11.546667,26,132,66,66
53.220001,-1.11,1.58505268051254,8,17,75,1.4,1.2,0.1,5.7,1,214.899994,296.899994,272,238.899994,203.899994,238.100006,193.100006,174.199997,3.83,8.736667,14.693333,9.206667,3.753333,8.89,16.606667,10.72,26,290,145,145
47.459999,4.95,0.273861278752583,50,38,12,1,0.8,0.071429,7.9,0,408.399994,293.600006,121.300003,249,251.800003,270.299988,131.5,197.100006,4.213333,9.783333,21.393333,11.7,1.563333,8.866667,20.266666,11.34,99,0,0,0
47.459999,4.95,0.96850400102426,50,38,12,1,0.8,0.071429,7.9,3,408.399994,293.600006,121.300003,249,251.800003,270.299988,131.5,197.100006,4.213333,9.783333,21.393333,11.7,1.563333,8.866667,20.266666,11.34,222,162,37.259998,50.220001
47.459999,4.95,1.41527382509534,50,38,12,1,0.8,0.071429,7.9,3,408.399994,293.600006,121.300003,249,251.800003,270.299988,131.5,197.100006,4.213333,9.783333,21.393333,11.7,1.563333,8.866667,20.266666,11.34,222,262,60.259998,81.220001
47.16,5.18,0.565685424949238,30,40,30,1.5,3.1,0.335135,6,0,466.5,301.600006,138.899994,316.200012,284.399994,335.5,164.600006,250,4.526667,10.4,22.203333,12.163333,2.066667,9.39,20.866667,11.79,99,0,0,0
47.25,4.9,1.88148877222268,21,44,35,1.5,3.1,0.335135,6,3,433.5,292.5,125.199997,294,285.700012,301.399994,147.699997,232.399994,4.413333,10.13,21.873333,11.98,1.94,9.173333,20.629999,11.6,222,142,32.66,44.02
47.25,4.9,2.42342732509147,21,44,35,1.5,0.86,0.09,6,3,433.5,292.5,125.199997,294,285.700012,301.399994,147.699997,232.399994,4.413333,10.13,21.873333,11.98,1.94,9.173333,20.629999,11.6,222,237,54.509998,73.470001
51.41,4.99,0.938616002420585,2.9,11.4,85.699997,1.48,2.14,0.135,5.4,1,184.699997,148.399994,127.800003,207.5,205.600006,185.399994,182.100006,135.899994,0.443333,7.483333,17.76,10.183333,4.236667,9.68,18.936666,10.773333,44,267,72,72
51.25,3.5,1.34647688431699,17,57.400002,25.6,1.39,0.48,0.045,6.5,2,178.100006,127.099998,109,221.399994,211.199997,148.399994,146.399994,167.100006,1.273333,7.516667,17.376667,10.713333,4.74,9.836667,18.540001,11.5,19,204,75,75
51.279999,3.63,0.61400325732035,16.5,23.5,60,1.33,0.91,0.1,7.6,2,186.600006,112.800003,103.800003,250.5,224.300003,139.899994,123.5,179.199997,1.663333,7.453333,17.049999,11.093333,5.2,9.713333,18.35,11.82,19,75,36.5,36.5
50,7.09,0.636396103067893,22,70,8,1.31,0.9,0.12,7,2,243.399994,212.399994,172.899994,129.600006,239.600006,266.100006,138,237.399994,1.75,9.443333,18.43,10.336667,2.05,9.336667,18.049999,10.803333,99,0,0,0
50,7.09,0.94233751915118,22,70,8,1.31,0.9,0.12,7,2,243.399994,212.399994,172.899994,129.600006,239.600006,266.100006,138,237.399994,1.75,9.443333,18.43,10.336667,2.05,9.336667,18.049999,10.803333,19,80,0,0
50,7.09,0.796241169495775,22,70,8,1.31,0.9,0.12,7,2,243.399994,212.399994,172.899994,129.600006,239.600006,266.100006,138,237.399994,1.75,9.443333,18.43,10.336667,2.05,9.336667,18.049999,10.803333,9,80,20,20
52.200001,0.4,0.978774744259372,15,28,57,9999,2.529412,9999,8.2,2,157.199997,120.900002,214.399994,130.5,188.699997,279.5,239.699997,222.800003,5.09,10.166667,17.450001,10.913333,4.296667,9.516667,15.976667,9.863333,8,150,75,75
52.200001,0.4,1.09726933794762,15,28,57,9999,2.529412,9999,8.2,4,157.199997,120.900002,214.399994,130.5,188.699997,279.5,239.699997,222.800003,5.09,10.166667,17.450001,10.913333,4.296667,9.516667,15.976667,9.863333,8,120,60,60
52.200001,0.4,1.46594679303173,15,28,57,9999,2.529412,9999,8.2,1,157.199997,120.900002,214.399994,130.5,188.699997,279.5,239.699997,222.800003,5.09,10.166667,17.450001,10.913333,4.296667,9.516667,15.976667,9.863333,8,120,60,60
52.200001,0.4,0.68629439747094,18,25,57,9999,2.176471,9999,8,2,188.699997,279.5,239.699997,222.800003,198.800003,200.5,217,151.699997,4.296667,9.516667,15.976667,9.863333,4.39,9.77,17.453333,11.463333,8,150,75,75
52.200001,0.4,0.779743547584717,18,25,57,9999,2.176471,9999,8,4,188.699997,279.5,239.699997,222.800003,198.800003,200.5,217,151.699997,4.296667,9.516667,15.976667,9.863333,4.39,9.77,17.453333,11.463333,8,120,60,60
52.200001,0.4,0.845576726264388,18,25,57,9999,2.176471,9999,8,1,188.699997,279.5,239.699997,222.800003,198.800003,200.5,217,151.699997,4.296667,9.516667,15.976667,9.863333,4.39,9.77,17.453333,11.463333,8,120,60,60
54.32,10.14,2.30217288664427,3.7,12.7,83.599998,1.3,1.3,0.13,6.4,2,228.199997,189.300003,127.099998,166.5,256.799988,186.699997,279,174.800003,0.916667,8.43,19.673332,8.983333,0.843333,9.286667,15.226667,6.88,22,79,11,11
54.32,10.14,1.44913767461894,3,12.5,84.5,1.3,1.2,0.1,5.4,2,228.199997,189.300003,127.099998,166.5,256.799988,186.699997,279,174.800003,0.916667,8.43,19.673332,8.983333,0.843333,9.286667,15.226667,6.88,44,319,40.5,68.5
51.029999,9.06,1.14455231422596,36.599998,3,60.400002,9999,1.6,0.18,7.5,2,310.5,243.600006,184.100006,196.300003,117.699997,189.899994,188.899994,212.300003,1.536667,7.903333,18.666668,9.47,-4.063333,6.886667,17.726667,9.103333,8,55,27.5,27.5
51.029999,9.06,0.959166304662544,36.599998,3,60.400002,9999,1.6,0.18,7.5,2,310.5,243.600006,184.100006,196.300003,117.699997,189.899994,188.899994,212.300003,1.536667,7.903333,18.666668,9.47,-4.063333,6.886667,17.726667,9.103333,8,65,32.5,32.5
51.029999,9.06,0.728010988928052,36.599998,3,60.400002,9999,1.6,0.18,7.5,2,310.5,243.600006,184.100006,196.300003,117.699997,189.899994,188.899994,212.300003,1.536667,7.903333,18.666668,9.47,-4.063333,6.886667,17.726667,9.103333,8,87,43.5,43.5
51.029999,9.06,0.768114574786861,36.599998,3,60.400002,9999,1.6,0.18,7.5,2,310.5,243.600006,184.100006,196.300003,117.699997,189.899994,188.899994,212.300003,1.536667,7.903333,18.666668,9.47,-4.063333,6.886667,17.726667,9.103333,8,92,46,46
51.029999,9.06,1.09087121146357,36.599998,3,60.400002,9999,1.6,0.18,7.5,2,310.5,243.600006,184.100006,196.300003,117.699997,189.899994,188.899994,212.300003,1.536667,7.903333,18.666668,9.47,-4.063333,6.886667,17.726667,9.103333,8,110,55,55
51.029999,9.06,1.09087121146357,36.599998,3,60.400002,9999,1.6,0.18,7.5,2,310.5,243.600006,184.100006,196.300003,117.699997,189.899994,188.899994,212.300003,1.536667,7.903333,18.666668,9.47,-4.063333,6.886667,17.726667,9.103333,8,160,80,80
51.029999,9.06,0.754983443527075,36.599998,3,60.400002,9999,1.6,0.18,7.5,2,310.5,243.600006,184.100006,196.300003,117.699997,189.899994,188.899994,212.300003,1.536667,7.903333,18.666668,9.47,-4.063333,6.886667,17.726667,9.103333,8,175,87.5,87.5
51.029999,9.06,0.806225774829855,36.599998,3,60.400002,9999,1.6,0.18,7.5,2,310.5,243.600006,184.100006,196.300003,117.699997,189.899994,188.899994,212.300003,1.536667,7.903333,18.666668,9.47,-4.063333,6.886667,17.726667,9.103333,8,185,92.5,92.5
51.029999,9.06,1.34164078649987,36.599998,3,60.400002,9999,1.6,0.18,7.5,3,310.5,243.600006,184.100006,196.300003,117.699997,189.899994,188.899994,212.300003,1.536667,7.903333,18.666668,9.47,-4.063333,6.886667,17.726667,9.103333,8,66,33,33
51.029999,9.06,1.11803398874989,36.599998,3,60.400002,9999,1.6,0.18,7.5,3,310.5,243.600006,184.100006,196.300003,117.699997,189.899994,188.899994,212.300003,1.536667,7.903333,18.666668,9.47,-4.063333,6.886667,17.726667,9.103333,8,91,45.5,45.5
51.029999,9.06,1.20830459735946,36.599998,3,60.400002,9999,1.6,0.18,7.5,3,310.5,243.600006,184.100006,196.300003,117.699997,189.899994,188.899994,212.300003,1.536667,7.903333,18.666668,9.47,-4.063333,6.886667,17.726667,9.103333,8,133,66.5,66.5
51.029999,9.06,1.30766968306220,36.599998,3,60.400002,9999,1.6,0.18,7.5,3,310.5,243.600006,184.100006,196.300003,117.699997,189.899994,188.899994,212.300003,1.536667,7.903333,18.666668,9.47,-4.063333,6.886667,17.726667,9.103333,8,182,91,91
51.029999,9.06,1.51657508881031,36.599998,3,60.400002,9999,1.6,0.18,7.5,3,310.5,243.600006,184.100006,196.300003,117.699997,189.899994,188.899994,212.300003,1.536667,7.903333,18.666668,9.47,-4.063333,6.886667,17.726667,9.103333,8,195,97.5,97.5
51,3.8,1.92587642386525,70,20,10,9999,9999,9999,9999,1,319.700012,173.199997,145.100006,200.699997,379.200012,299.600006,103.5,233.399994,3.66,10.563333,17.176666,8.303333,4.843333,9.173333,19.706667,11.68,8,75,37.5,37.5
52.259998,10.52,1.08719823399415,20,69,11,9999,9999,9999,9999,2,147.199997,149.600006,182.899994,181.600006,144.199997,152.800003,142.300003,127.800003,-0.546667,10.093333,18.27,8.96,1.146667,8.246667,17.716667,10.2,8,210,105,105
52.259998,10.52,0.98488578017961,5.4,52.599998,42,9999,9999,9999,9999,2,147.199997,149.600006,182.899994,181.600006,144.199997,152.800003,142.300003,127.800003,-0.546667,10.093333,18.27,8.96,1.146667,8.246667,17.716667,10.2,8,108,54,54
52.259998,10.52,1.04403065089106,20,69,11,9999,9999,9999,9999,2,147.199997,149.600006,182.899994,181.600006,144.199997,152.800003,142.300003,127.800003,-0.546667,10.093333,18.27,8.96,1.146667,8.246667,17.716667,10.2,45,60,60,0
52.259998,10.52,1.27318498263214,5.4,52.599998,42,9999,9999,9999,9999,2,147.199997,149.600006,182.899994,181.600006,144.199997,152.800003,142.300003,127.800003,-0.546667,10.093333,18.27,8.96,1.146667,8.246667,17.716667,10.2,45,60,60,0
48.099998,7.4,2,42.299999,39.900002,17.799999,9999,2.78,0.32,7.9,2,248.199997,200.300003,169.5,215.699997,206.699997,185.899994,104.599998,199,-1.836667,9.12,18.473333,9.306667,-0.263333,7.79,18.633333,10.436667,10,140,0,0
48.099998,7.4,1.92353840616713,22.6,68.099998,9.3,9999,1.24,0.14,7.5,2,248.199997,200.300003,169.5,215.699997,206.699997,185.899994,104.599998,199,-1.836667,9.12,18.473333,9.306667,-0.263333,7.79,18.633333,10.436667,26,130,65,65
48.099998,7.4,2.73861278752583,42.299999,39.900002,17.799999,9999,2.78,0.32,7.9,2,248.199997,200.300003,169.5,215.699997,206.699997,185.899994,104.599998,199,-1.836667,9.12,18.473333,9.306667,-0.263333,7.79,18.633333,10.436667,26,125,62.5,62.5
48.099998,7.4,1.87082869338697,22.6,68.099998,9.3,9999,1.24,0.14,7.5,2,248.199997,200.300003,169.5,215.699997,206.699997,185.899994,104.599998,199,-1.836667,9.12,18.473333,9.306667,-0.263333,7.79,18.633333,10.436667,26,140,70,70
55.799999,-3.22,1.16189500386223,17,23,60,9999,3.176471,9999,7,1,285.899994,252.699997,156.899994,139.600006,225.699997,206.5,125.599998,221.100006,1.546667,7.44,13.326667,6.456667,2.616667,6.346667,15.093333,8.55,26,140,70,70
52.23,13,1.34610549363711,6.2,6,87.800003,1.5,0.9,0.08,6,2,166.100006,243,228.399994,297.200012,219,206.399994,155.100006,120.699997,0.126667,8.566667,17.233334,7.483333,1.673333,9.303333,19.286667,11.406667,8,150,75,75
52.23,13,1.20166551086398,6.2,6,87.800003,1.5,0.9,0.08,6,2,166.100006,243,228.399994,297.200012,219,206.399994,155.100006,120.699997,0.126667,8.566667,17.233334,7.483333,1.673333,9.303333,19.286667,11.406667,8,75,36.5,36.5
52.23,13,0.991463564635635,6.2,6,87.800003,1.5,0.9,0.08,6,2,166.100006,243,228.399994,297.200012,219,206.399994,155.100006,120.699997,0.126667,8.566667,17.233334,7.483333,1.673333,9.303333,19.286667,11.406667,99,0,0,0
48.5,11.47,3.09741827979367,22,62,16,1.27,1.3,0.13,5.9,2,254.699997,303.899994,279.200012,155.399994,222.699997,261,364.899994,316.100006,-0.74,7.553333,17.84,10.123333,-0.37,8.5,19.456667,8.933333,222,190,47.5,47.5
48.5,11.47,4.0967061158936,19,60,21,1.33,1.5,0.14,6.3,2,254.699997,303.899994,279.200012,155.399994,222.699997,261,364.899994,316.100006,-0.74,7.553333,17.84,10.123333,-0.37,8.5,19.456667,8.933333,222,190,47.5,47.5
48.5,11.47,3.06006535877912,11,29,60,1.45,1,0.1,6.2,1,254.699997,303.899994,279.200012,155.399994,222.699997,261,364.899994,316.100006,-0.74,7.553333,17.84,10.123333,-0.37,8.5,19.456667,8.933333,19,83,0,0
48.5,11.47,3.59638707594163,34,47,19,1.18,1.88,0.19,6.1,1,254.699997,303.899994,279.200012,155.399994,222.699997,261,364.899994,316.100006,-0.74,7.553333,17.84,10.123333,-0.37,8.5,19.456667,8.933333,19,83,0,0
55.799999,-3.22,0.547722557505166,25,10,65,9999,3.294118,9999,6.7,2,285.899994,252.699997,156.899994,139.600006,225.699997,206.5,125.599998,221.100006,1.546667,7.44,13.326667,6.456667,2.616667,6.346667,15.093333,8.55,26,180,90,90
55.799999,-3.22,0.894427190999916,25,10,65,9999,3.176471,9999,6,2,285.899994,252.699997,156.899994,139.600006,225.699997,206.5,125.599998,221.100006,1.546667,7.44,13.326667,6.456667,2.616667,6.346667,15.093333,8.55,26,120,60,60
55.799999,-3.22,1.7606816861659,20,40,40,9999,3.176471,9999,7,1,210.300003,167.399994,86.800003,234.600006,217.899994,219.899994,183.699997,224.300003,1.44,6.403333,17.123333,9.866667,1.703333,5.73,14.886667,8.276667,26,170,85,85
55.799999,-3.22,1.09544511501033,25,10,65,9999,2.7,9999,5.5,1,285.899994,252.699997,156.899994,139.600006,225.699997,206.5,125.599998,221.100006,1.546667,7.44,13.326667,6.456667,2.616667,6.346667,15.093333,8.55,66,140,0,77
55.799999,-3.22,1.78885438199983,20,40,40,9999,2.4,9999,6.4,1,210.300003,167.399994,86.800003,234.600006,217.899994,219.899994,183.699997,224.300003,1.44,6.403333,17.123333,9.866667,1.703333,5.73,14.886667,8.276667,10,170,0,0
51,9.5,1.98620240660412,16,51,33,1.15,1.08,0.12,6.6,0,316.299988,273.100006,193.899994,207.600006,124.5,206.899994,239.399994,192.899994,1.49,7.936667,18.896667,9.52,-4.04,6.9,17.549999,9.103333,99,0,0,0
51,9.5,2.26340451532641,21.200001,44.200001,34.700001,1.27,1.08,0.12,6.6,3,316.299988,273.100006,193.899994,207.600006,124.5,206.899994,239.399994,192.899994,1.49,7.936667,18.896667,9.52,-4.04,6.9,17.549999,9.103333,9,205,102.5,102.5
55.619999,9.2,0.705691150575094,5.9,16.799999,75.400002,9999,1.2,0.09,5.2,2,330.600006,229.699997,138.800003,280.700012,120.599998,258,150.699997,177.5,3.15,7.196667,17.950001,9.636667,-2.353333,6.43,17.383333,10.096667,8,120,60,60
55.619999,9.2,1.04450945424156,5.9,16.799999,75.400002,9999,1.2,0.09,5.2,5,330.600006,229.699997,138.800003,280.700012,120.599998,258,150.699997,177.5,3.15,7.196667,17.950001,9.636667,-2.353333,6.43,17.383333,10.096667,26,75,37.5,37.5
55.619999,9.2,0.374165738677394,5.9,16.799999,75.400002,9999,1.2,0.09,5.2,5,330.600006,229.699997,138.800003,280.700012,120.599998,258,150.699997,177.5,3.15,7.196667,17.950001,9.636667,-2.353333,6.43,17.383333,10.096667,99,0,0,0
52.23,10.45,1.09544511501033,20,69,11,9999,9999,9999,9999,2,216.899994,247.100006,176.699997,182.600006,115.199997,187,182,165.5,1.95,8.216667,19.333332,9.646667,-4.976667,6.97,18.366667,9.583333,222,85,21.25,21.25
52.23,10.45,1.18321595661992,20,69,11,9999,9999,9999,9999,2,229.800003,176.600006,168,147.800003,216.899994,247.100006,176.699997,182.600006,0.353333,9.516667,16.286667,6.896667,1.95,8.216667,19.333332,9.646667,222,73,18.25,18.25
52.23,10.45,1.7606816861659,20,69,11,9999,9999,9999,9999,2,115.199997,187,182,165.5,160.699997,200.300003,199.600006,211.5,-4.976667,6.97,18.366667,9.583333,-2.203333,6.12,16.936666,8.093333,222,45,11.25,11.25
52.23,10.45,1.18321595661992,20,69,11,9999,9999,9999,9999,2,229.800003,176.600006,168,147.800003,216.899994,247.100006,176.699997,182.600006,0.353333,9.516667,16.286667,6.896667,1.95,8.216667,19.333332,9.646667,222,90,22.5,22.5
52.23,10.45,1.54919333848297,20,69,11,9999,9999,9999,9999,2,216.899994,247.100006,176.699997,182.600006,115.199997,187,182,165.5,1.95,8.216667,19.333332,9.646667,-4.976667,6.97,18.366667,9.583333,222,170,42.5,42.5
52.23,10.45,1.92353840616713,20,69,11,9999,9999,9999,9999,2,115.199997,187,182,165.5,160.699997,200.300003,199.600006,211.5,-4.976667,6.97,18.366667,9.583333,-2.203333,6.12,16.936666,8.093333,222,146,36.5,36.5
52.23,10.45,1.04880884817015,20,69,11,9999,9999,9999,9999,2,229.800003,176.600006,168,147.800003,216.899994,247.100006,176.699997,182.600006,0.353333,9.516667,16.286667,6.896667,1.95,8.216667,19.333332,9.646667,222,105,26.25,26.25
52.23,10.45,1.41421356237310,20,69,11,9999,9999,9999,9999,2,216.899994,247.100006,176.699997,182.600006,115.199997,187,182,165.5,1.95,8.216667,19.333332,9.646667,-4.976667,6.97,18.366667,9.583333,222,91,22.75,22.75
52.23,10.45,1.6431676725155,20,69,11,9999,9999,9999,9999,2,115.199997,187,182,165.5,160.699997,200.300003,199.600006,211.5,-4.976667,6.97,18.366667,9.583333,-2.203333,6.12,16.936666,8.093333,222,65,16.25,16.25
52.23,10.45,1.18321595661992,20,69,11,9999,9999,9999,9999,2,229.800003,176.600006,168,147.800003,216.899994,247.100006,176.699997,182.600006,0.353333,9.516667,16.286667,6.896667,1.95,8.216667,19.333332,9.646667,222,210,52.5,52.5
52.23,10.45,1.61245154965971,20,69,11,9999,9999,9999,9999,2,216.899994,247.100006,176.699997,182.600006,115.199997,187,182,165.5,1.95,8.216667,19.333332,9.646667,-4.976667,6.97,18.366667,9.583333,222,183,45.75,45.75
52.23,10.45,1.87082869338697,20,69,11,9999,9999,9999,9999,2,115.199997,187,182,165.5,160.699997,200.300003,199.600006,211.5,-4.976667,6.97,18.366667,9.583333,-2.203333,6.12,16.936666,8.093333,222,130,32.5,32.5
52.23,10.45,1.04880884817015,20,69,11,9999,9999,9999,9999,2,229.800003,176.600006,168,147.800003,216.899994,247.100006,176.699997,182.600006,0.353333,9.516667,16.286667,6.896667,1.95,8.216667,19.333332,9.646667,99,0,0,0
52.23,10.45,1.04880884817015,20,69,11,9999,9999,9999,9999,2,229.800003,176.600006,168,147.800003,216.899994,247.100006,176.699997,182.600006,0.353333,9.516667,16.286667,6.896667,1.95,8.216667,19.333332,9.646667,99,0,0,0
52.23,10.45,1.22474487139159,20,69,11,9999,9999,9999,9999,1,229.800003,176.600006,168,147.800003,216.899994,247.100006,176.699997,182.600006,0.353333,9.516667,16.286667,6.896667,1.95,8.216667,19.333332,9.646667,99,0,0,0
52.23,10.45,1.51657508881031,20,69,11,9999,9999,9999,9999,2,216.899994,247.100006,176.699997,182.600006,115.199997,187,182,165.5,1.95,8.216667,19.333332,9.646667,-4.976667,6.97,18.366667,9.583333,99,0,0,0
52.23,10.45,1.70293863659264,20,69,11,9999,9999,9999,9999,2,115.199997,187,182,165.5,160.699997,200.300003,199.600006,211.5,-4.976667,6.97,18.366667,9.583333,-2.203333,6.12,16.936666,8.093333,99,0,0,0
52.23,10.45,1.7606816861659,20,69,11,9999,9999,9999,9999,2,115.199997,187,182,165.5,160.699997,200.300003,199.600006,211.5,-4.976667,6.97,18.366667,9.583333,-2.203333,6.12,16.936666,8.093333,99,0,0,0
52.23,10.45,1,20,69,11,9999,9999,9999,9999,3,229.800003,176.600006,168,147.800003,216.899994,247.100006,176.699997,182.600006,0.353333,9.516667,16.286667,6.896667,1.95,8.216667,19.333332,9.646667,99,0,0,0
52.23,10.45,1.37840487520902,20,69,11,9999,9999,9999,9999,1,229.800003,176.600006,168,147.800003,216.899994,247.100006,176.699997,182.600006,0.353333,9.516667,16.286667,6.896667,1.95,8.216667,19.333332,9.646667,222,70,17.5,17.5
52.23,10.45,1.51657508881031,20,69,11,9999,9999,9999,9999,1,216.899994,247.100006,176.699997,182.600006,115.199997,187,182,165.5,1.95,8.216667,19.333332,9.646667,-4.976667,6.97,18.366667,9.583333,222,55,13.75,13.75
52.23,10.45,1.73205080756888,20,69,11,9999,9999,9999,9999,1,115.199997,187,182,165.5,160.699997,200.300003,199.600006,211.5,-4.976667,6.97,18.366667,9.583333,-2.203333,6.12,16.936666,8.093333,222,35,8.75,8.75
52.23,10.45,1.44913767461894,20,69,11,9999,9999,9999,9999,1,229.800003,176.600006,168,147.800003,216.899994,247.100006,176.699997,182.600006,0.353333,9.516667,16.286667,6.896667,1.95,8.216667,19.333332,9.646667,222,140,35,35
52.23,10.45,1.70293863659264,20,69,11,9999,9999,9999,9999,1,115.199997,187,182,165.5,160.699997,200.300003,199.600006,211.5,-4.976667,6.97,18.366667,9.583333,-2.203333,6.12,16.936666,8.093333,222,70,17.5,17.5
52.23,10.45,1.87082869338697,20,69,11,9999,9999,9999,9999,1,216.899994,247.100006,176.699997,182.600006,115.199997,187,182,165.5,1.95,8.216667,19.333332,9.646667,-4.976667,6.97,18.366667,9.583333,222,140,35,35
52.23,10.45,1.22474487139159,20,69,11,9999,9999,9999,9999,2,216.899994,247.100006,176.699997,182.600006,115.199997,187,182,165.5,1.95,8.216667,19.333332,9.646667,-4.976667,6.97,18.366667,9.583333,99,0,0,0
52.23,10.45,1.58113883008419,20,69,11,9999,9999,9999,9999,3,216.899994,247.100006,176.699997,182.600006,115.199997,187,182,165.5,1.95,8.216667,19.333332,9.646667,-4.976667,6.97,18.366667,9.583333,99,0,0,0
52.23,10.45,1.61245154965971,20,69,11,9999,9999,9999,9999,1,115.199997,187,182,165.5,160.699997,200.300003,199.600006,211.5,-4.976667,6.97,18.366667,9.583333,-2.203333,6.12,16.936666,8.093333,99,0,0,0
52.23,10.45,2,20,69,11,9999,9999,9999,9999,3,115.199997,187,182,165.5,160.699997,200.300003,199.600006,211.5,-4.976667,6.97,18.366667,9.583333,-2.203333,6.12,16.936666,8.093333,222,172,43,43
52.23,10.45,1.14017542509914,20,69,11,9999,9999,9999,9999,3,229.800003,176.600006,168,147.800003,216.899994,247.100006,176.699997,182.600006,0.353333,9.516667,16.286667,6.896667,1.95,8.216667,19.333332,9.646667,222,45,11.25,11.25
52.23,10.45,1.22474487139159,20,69,11,9999,9999,9999,9999,3,216.899994,247.100006,176.699997,182.600006,115.199997,187,182,165.5,1.95,8.216667,19.333332,9.646667,-4.976667,6.97,18.366667,9.583333,222,85,21.25,21.25
52.23,10.45,1.67332005306815,20,69,11,9999,9999,9999,9999,3,115.199997,187,182,165.5,160.699997,200.300003,199.600006,211.5,-4.976667,6.97,18.366667,9.583333,-2.203333,6.12,16.936666,8.093333,222,86,21.5,21.5
52.23,10.45,1.18321595661992,20,69,11,9999,9999,9999,9999,3,229.800003,176.600006,168,147.800003,216.899994,247.100006,176.699997,182.600006,0.353333,9.516667,16.286667,6.896667,1.95,8.216667,19.333332,9.646667,222,100,25,25
52.23,10.45,1.84390889145858,20,69,11,9999,9999,9999,9999,3,216.899994,247.100006,176.699997,182.600006,115.199997,187,182,165.5,1.95,8.216667,19.333332,9.646667,-4.976667,6.97,18.366667,9.583333,222,100,25,25
52.23,10.45,1.58113883008419,20,69,11,9999,9999,9999,9999,1,216.899994,247.100006,176.699997,182.600006,115.199997,187,182,165.5,1.95,8.216667,19.333332,9.646667,-4.976667,6.97,18.366667,9.583333,99,0,0,0
52.23,10.45,1.78885438199983,20,69,11,9999,9999,9999,9999,1,115.199997,187,182,165.5,160.699997,200.300003,199.600006,211.5,-4.976667,6.97,18.366667,9.583333,-2.203333,6.12,16.936666,8.093333,99,0,0,0
49,8.5,1.18949064729404,25,9999,9999,9999,1,0.1,6.2,2,246.800003,240.199997,163.100006,140.300003,203.699997,168.699997,189.800003,208.899994,2.976667,9.52,19.373333,10.043333,-1.28,9.91,19.129999,9.71,8,115,57.5,57.5
49,8.5,1.07636750229650,25,9999,9999,9999,1,0.1,6.2,2,246.800003,240.199997,163.100006,140.300003,203.699997,168.699997,189.800003,208.899994,2.976667,9.52,19.373333,10.043333,-1.28,9.91,19.129999,9.71,8,0,0,0
49,8.5,1.19807887887234,25,9999,9999,9999,1,0.1,6.2,2,246.800003,240.199997,163.100006,140.300003,203.699997,168.699997,189.800003,208.899994,2.976667,9.52,19.373333,10.043333,-1.28,9.91,19.129999,9.71,8,0,0,0
49,8.5,1.08111978984755,25,9999,9999,9999,1,0.1,6.2,2,246.800003,240.199997,163.100006,140.300003,203.699997,168.699997,189.800003,208.899994,2.976667,9.52,19.373333,10.043333,-1.28,9.91,19.129999,9.71,8,115,57.5,57.5
49,8.5,1.59458364471733,25,9999,9999,9999,1,0.1,6.2,1,203.699997,168.699997,189.800003,208.899994,216.100006,195.699997,145.5,136.300003,-1.28,9.91,19.129999,9.71,0.29,8.216667,18.790001,11.053333,8,0,0,0
49,8.5,1.59458364471733,25,9999,9999,9999,1,0.1,6.2,1,203.699997,168.699997,189.800003,208.899994,216.100006,195.699997,145.5,136.300003,-1.28,9.91,19.129999,9.71,0.29,8.216667,18.790001,11.053333,8,180,90,90
49,8.5,1.26062881134773,25,9999,9999,9999,1,0.1,6.2,1,203.699997,168.699997,189.800003,208.899994,216.100006,195.699997,145.5,136.300003,-1.28,9.91,19.129999,9.71,0.29,8.216667,18.790001,11.053333,8,0,0,0
49,8.5,1.55552659893684,25,9999,9999,9999,1,0.1,6.2,1,203.699997,168.699997,189.800003,208.899994,216.100006,195.699997,145.5,136.300003,-1.28,9.91,19.129999,9.71,0.29,8.216667,18.790001,11.053333,8,180,90,90
49,8.5,2.50289152781338,25,9999,9999,9999,1,0.1,6.2,2,216.100006,195.699997,145.5,136.300003,227.100006,249.600006,216.100006,261.399994,0.29,8.216667,18.790001,11.053333,0.893333,9.163333,19.903334,9.453333,8,0,0,0
49,8.5,2.48851300981128,25,9999,9999,9999,1,0.1,6.2,2,216.100006,195.699997,145.5,136.300003,227.100006,249.600006,216.100006,261.399994,0.29,8.216667,18.790001,11.053333,0.893333,9.163333,19.903334,9.453333,8,0,0,0
49,8.5,2.57158744747286,25,9999,9999,9999,1,0.1,6.2,2,216.100006,195.699997,145.5,136.300003,227.100006,249.600006,216.100006,261.399994,0.29,8.216667,18.790001,11.053333,0.893333,9.163333,19.903334,9.453333,8,170,85,85
49,8.5,2.75818491040757,25,9999,9999,9999,1,0.1,6.2,2,216.100006,195.699997,145.5,136.300003,227.100006,249.600006,216.100006,261.399994,0.29,8.216667,18.790001,11.053333,0.893333,9.163333,19.903334,9.453333,8,170,85,85
48.139999,11.57,0.894427190999916,22,62,16,1.56,1.8,0.17,5.5,0,364.799988,360.399994,437.100006,302.899994,366.600006,450.600006,378.200012,237.800003,0.11,8.07,16.266666,7.283333,0.73,8.036667,18.540001,9.956667,99,0,0,0
48.139999,11.57,1.55402702679201,22,62,16,1.56,1.8,0.17,5.5,0,364.799988,360.399994,437.100006,302.899994,366.600006,450.600006,378.200012,237.800003,0.11,8.07,16.266666,7.283333,0.73,8.036667,18.540001,9.956667,99,0,0,0
48.139999,11.57,1.97484176581315,22,62,16,1.56,1.8,0.17,5.5,0,364.799988,360.399994,437.100006,302.899994,366.600006,450.600006,378.200012,237.800003,0.11,8.07,16.266666,7.283333,0.73,8.036667,18.540001,9.956667,99,0,0,0
48.139999,11.57,1.34164078649987,23,61,16,1.3,1.8,0.17,5.5,2,364.799988,360.399994,437.100006,302.899994,366.600006,450.600006,378.200012,237.800003,0.11,8.07,16.266666,7.283333,0.73,8.036667,18.540001,9.956667,222,100,25,25
48.139999,11.57,1.99749843554382,23,61,16,1.3,1.8,0.17,5.5,2,364.799988,360.399994,437.100006,302.899994,366.600006,450.600006,378.200012,237.800003,0.11,8.07,16.266666,7.283333,0.73,8.036667,18.540001,9.956667,222,100,25,25
48.139999,11.57,2.36643191323985,22,62,16,1.3,1.8,0.17,5.5,2,364.799988,360.399994,437.100006,302.899994,366.600006,450.600006,378.200012,237.800003,0.11,8.07,16.266666,7.283333,0.73,8.036667,18.540001,9.956667,222,100,25,25
48.299999,11.21,1.20415945787923,20,40,40,9999,1.6,0.17,5.8,2,315,356.600006,311,211.699997,168.899994,375.100006,429.399994,240.899994,1.19,8.563333,19.76,10.47,-2.17,6.97,17.836666,8.803333,8,90,45,45
48.299999,11.21,2.13775583264320,20,40,40,9999,1.6,0.17,5.8,2,168.899994,375.100006,429.399994,240.899994,159.600006,252.5,403.100006,288.200012,-2.17,6.97,17.836666,8.803333,-0.76,7.12,17.370001,7.903333,8,90,45,45
48.299999,11.21,1.52315462117278,20,40,40,9999,1.6,0.17,5.8,2,315,356.600006,311,211.699997,168.899994,375.100006,429.399994,240.899994,1.19,8.563333,19.76,10.47,-2.17,6.97,17.836666,8.803333,8,180,90,90
48.299999,11.21,2.19089023002066,20,40,40,9999,1.6,0.17,5.8,2,168.899994,375.100006,429.399994,240.899994,159.600006,252.5,403.100006,288.200012,-2.17,6.97,17.836666,8.803333,-0.76,7.12,17.370001,7.903333,8,180,90,90
48.299999,11.21,2.20907220343745,20,40,40,9999,1.6,0.17,5.8,1,315,356.600006,311,211.699997,168.899994,375.100006,429.399994,240.899994,1.19,8.563333,19.76,10.47,-2.17,6.97,17.836666,8.803333,8,50,25,25
48.299999,11.21,2.37697286480094,20,40,40,9999,1.6,0.17,5.8,1,168.899994,375.100006,429.399994,240.899994,159.600006,252.5,403.100006,288.200012,-2.17,6.97,17.836666,8.803333,-0.76,7.12,17.370001,7.903333,8,50,25,25
48.299999,11.21,1.33041346956501,20,40,40,9999,1.6,0.17,5.8,2,168.899994,375.100006,429.399994,240.899994,159.600006,252.5,403.100006,288.200012,-2.17,6.97,17.836666,8.803333,-0.76,7.12,17.370001,7.903333,8,65,32.5,32.5
48.299999,11.21,1.65529453572468,20,40,40,9999,1.6,0.17,5.8,2,168.899994,375.100006,429.399994,240.899994,159.600006,252.5,403.100006,288.200012,-2.17,6.97,17.836666,8.803333,-0.76,7.12,17.370001,7.903333,8,130,65,65
48.299999,11.21,2.20227155455452,20,40,40,9999,1.6,0.17,5.8,1,315,356.600006,311,211.699997,168.899994,375.100006,429.399994,240.899994,1.19,8.563333,19.76,10.47,-2.17,6.97,17.836666,8.803333,8,150,75,75
48.299999,11.21,2.93938769133981,20,40,40,9999,1.6,0.17,5.8,1,168.899994,375.100006,429.399994,240.899994,159.600006,252.5,403.100006,288.200012,-2.17,6.97,17.836666,8.803333,-0.76,7.12,17.370001,7.903333,8,150,75,75
